{
  "1": {
    "theme": "Khẳng định bản thân",
    "strengths": [
      "Chủ động, dám dẫn dắt"
    ],
    "pitfalls": [
      "Cứng đầu, cô lập"
    ],
    "practices_3_6m": [
      "Dự án 'thử lửa' 6 tháng",
      "Huấn luyện kỹ năng quyết định",
      "Xây mạng lưới cố vấn"
    ],
    "questions": [
      "Nguồn lực dài hạn nào cần được ưu tiên?",
      "Điểm mù hệ thống nào tôi chưa đo được?"
    ]
  },
  "2": {
    "theme": "Hợp tác tinh tế",
    "strengths": [
      "Lắng nghe, ngoại giao"
    ],
    "pitfalls": [
      "Phụ thuộc, ngại ranh giới"
    ],
    "practices_3_6m": [
      "Nghệ thuật phản hồi",
      "Thực hành ranh giới",
      "Thiết kế nghi thức nhóm"
    ],
    "questions": [
      "Nguồn lực dài hạn nào cần được ưu tiên?",
      "Điểm mù hệ thống nào tôi chưa đo được?"
    ]
  },
  "3": {
    "theme": "Sáng tạo truyền cảm",
    "strengths": [
      "Kể chuyện, biểu đạt"
    ],
    "pitfalls": [
      "Lan man, bề nổi"
    ],
    "practices_3_6m": [
      "Khóa kể chuyện",
      "Lịch phát hành chuẩn",
      "Bộ ví dụ minh hoạ"
    ],
    "questions": [
      "Nguồn lực dài hạn nào cần được ưu tiên?",
      "Điểm mù hệ thống nào tôi chưa đo được?"
    ]
  },
  "4": {
    "theme": "Xây nền bền vững",
    "strengths": [
      "Hệ thống, kỷ luật"
    ],
    "pitfalls": [
      "Cứng nhắc"
    ],
    "practices_3_6m": [
      "Chuẩn hoá quy trình",
      "Tối ưu tài chính cá nhân",
      "Thiết kế hệ đo lường"
    ],
    "questions": [
      "Nguồn lực dài hạn nào cần được ưu tiên?",
      "Điểm mù hệ thống nào tôi chưa đo được?"
    ]
  },
  "5": {
    "theme": "Mở rộng & trải nghiệm",
    "strengths": [
      "Thích nghi, cập nhật"
    ],
    "pitfalls": [
      "Bốc đồng, đứt gãy"
    ],
    "practices_3_6m": [
      "Chu kỳ 90 ngày",
      "Học qua thí nghiệm",
      "Bảo hộ an toàn khi đổi mới"
    ],
    "questions": [
      "Nguồn lực dài hạn nào cần được ưu tiên?",
      "Điểm mù hệ thống nào tôi chưa đo được?"
    ]
  },
  "6": {
    "theme": "Chăm sóc hệ sinh thái",
    "strengths": [
      "Trách nhiệm, bảo trợ"
    ],
    "pitfalls": [
      "Ôm đồm"
    ],
    "practices_3_6m": [
      "Chu kỳ chăm mình/đội",
      "Thiết kế không gian sống/làm việc",
      "Uỷ quyền"
    ],
    "questions": [
      "Nguồn lực dài hạn nào cần được ưu tiên?",
      "Điểm mù hệ thống nào tôi chưa đo được?"
    ]
  },
  "7": {
    "theme": "Tri thức & nội quán",
    "strengths": [
      "Tư duy phản biện"
    ],
    "pitfalls": [
      "Hoài nghi, xa cách"
    ],
    "practices_3_6m": [
      "Kế hoạch học 2 năm",
      "Xuất bản học thuật/phổ biến",
      "Nhóm đọc phản biện"
    ],
    "questions": [
      "Nguồn lực dài hạn nào cần được ưu tiên?",
      "Điểm mù hệ thống nào tôi chưa đo được?"
    ]
  },
  "8": {
    "theme": "Quyền lực & tác động",
    "strengths": [
      "Quản trị, kết quả"
    ],
    "pitfalls": [
      "Tham vọng mù",
      "Kiểm soát"
    ],
    "practices_3_6m": [
      "KPI đa chiều",
      "Ủy quyền cấu trúc",
      "Đạo đức quyền lực"
    ],
    "questions": [
      "Nguồn lực dài hạn nào cần được ưu tiên?",
      "Điểm mù hệ thống nào tôi chưa đo được?"
    ]
  },
  "9": {
    "theme": "Tổng kết & phụng sự",
    "strengths": [
      "Nhân văn, chữa lành"
    ],
    "pitfalls": [
      "Hy sinh mù quáng"
    ],
    "practices_3_6m": [
      "Dự án cộng đồng",
      "Nghệ thuật kết thúc",
      "Mentoring kế thừa"
    ],
    "questions": [
      "Nguồn lực dài hạn nào cần được ưu tiên?",
      "Điểm mù hệ thống nào tôi chưa đo được?"
    ]
  },
  "11": {
    "theme": "Khai mở & trực giác",
    "strengths": [
      "Nhạy cảm tầm nhìn"
    ],
    "pitfalls": [
      "Quá tải cảm xúc"
    ],
    "practices_3_6m": [
      "Ritual cảm giác",
      "Khung giả thuyết hoá trực giác",
      "Hội đồng phản biện ý tưởng"
    ],
    "questions": [
      "Nguồn lực dài hạn nào cần được ưu tiên?",
      "Điểm mù hệ thống nào tôi chưa đo được?"
    ]
  },
  "22": {
    "theme": "Kiến trúc sư quy mô lớn",
    "strengths": [
      "Thiết kế hệ thống bền"
    ],
    "pitfalls": [
      "Cứng hoá tầm nhìn"
    ],
    "practices_3_6m": [
      "Principles vận hành",
      "Pilot phạm vi hẹp",
      "Quản trị rủi ro theo lớp"
    ],
    "questions": [
      "Nguồn lực dài hạn nào cần được ưu tiên?",
      "Điểm mù hệ thống nào tôi chưa đo được?"
    ]
  }
}