{
  "meta": {
    "id": "expert-pack-vi-pro@1.0",
    "created": "2025-09-27T03:10:35.953224Z",
    "locale": "vi",
    "note": "Chế độ Expert Max: thêm cơ chế, if‑then, bridges, protocol thư viện, role deep."
  },
  "voice": {
    "steps": [
      "Bối cảnh",
      "Điểm mạnh",
      "Điểm mù",
      "If‑Then",
      "Thói quen",
      "Câu hỏi",
      "Cảnh báo"
    ],
    "disclaimer": "Đây là diễn giải biểu tượng để tự nhận thức; không thay thế chuyên môn y tế/pháp lý/tài chính."
  },
  "life_path": {
    "1": {
      "theme": "Khởi xướng & Tự chủ",
      "psychodynamics": {
        "need": "Dẫn dắt, dám thử",
        "fear": "Độc đoán, cô lập",
        "overdose": "Khởi xướng & Tự chủ: khi 'quá liều' dễ độc đoán, cô lập",
        "deficit": "Khi 'thiếu liều' mất dẫn dắt, dám thử"
      },
      "strengths": [
        "Dẫn dắt, dám thử",
        "Quyết định rõ"
      ],
      "blindspots": [
        "Độc đoán, cô lập"
      ],
      "habits": [
        "Top-1 ưu tiên mỗi sáng",
        "Decision log 5 dòng",
        "Uỷ quyền 1 việc/ngày"
      ],
      "expert_questions": [
        "Hôm nay tôi có đang làm quá vai trò/sứ mệnh của số này không?",
        "Một giới hạn nào cần được nói rõ để bảo vệ năng lượng?"
      ]
    },
    "2": {
      "theme": "Kết nối & Hoà hợp",
      "psychodynamics": {
        "need": "Lắng nghe, cộng tác",
        "fear": "Chiều lòng quá mức",
        "overdose": "Kết nối & Hoà hợp: khi 'quá liều' dễ chiều lòng quá mức",
        "deficit": "Khi 'thiếu liều' mất lắng nghe, cộng tác"
      },
      "strengths": [
        "Lắng nghe, cộng tác"
      ],
      "blindspots": [
        "Chiều lòng quá mức"
      ],
      "habits": [
        "Khung phản hồi SBI",
        "1–1 theo lịch",
        "Ranh giới giờ cá nhân"
      ],
      "expert_questions": [
        "Hôm nay tôi có đang làm quá vai trò/sứ mệnh của số này không?",
        "Một giới hạn nào cần được nói rõ để bảo vệ năng lượng?"
      ]
    },
    "3": {
      "theme": "Biểu đạt & Niềm vui",
      "psychodynamics": {
        "need": "Truyền cảm hứng",
        "fear": "Phân tán, thiếu kỷ luật",
        "overdose": "Biểu đạt & Niềm vui: khi 'quá liều' dễ phân tán, thiếu kỷ luật",
        "deficit": "Khi 'thiếu liều' mất truyền cảm hứng"
      },
      "strengths": [
        "Truyền cảm hứng",
        "Kể chuyện"
      ],
      "blindspots": [
        "Phân tán, thiếu kỷ luật"
      ],
      "habits": [
        "Calendar sáng tạo",
        "Checklist biên tập",
        "Journaling 10’"
      ],
      "expert_questions": [
        "Hôm nay tôi có đang làm quá vai trò/sứ mệnh của số này không?",
        "Một giới hạn nào cần được nói rõ để bảo vệ năng lượng?"
      ]
    },
    "4": {
      "theme": "Cấu trúc & Kỷ luật",
      "psychodynamics": {
        "need": "Ổn định, bền bỉ",
        "fear": "Cứng nhắc",
        "overdose": "Cấu trúc & Kỷ luật: khi 'quá liều' dễ cứng nhắc",
        "deficit": "Khi 'thiếu liều' mất ổn định, bền bỉ"
      },
      "strengths": [
        "Ổn định, bền bỉ"
      ],
      "blindspots": [
        "Cứng nhắc"
      ],
      "habits": [
        "Pomodoro 25/5",
        "Review hệ thống",
        "Sandbox thử nhanh"
      ],
      "expert_questions": [
        "Hôm nay tôi có đang làm quá vai trò/sứ mệnh của số này không?",
        "Một giới hạn nào cần được nói rõ để bảo vệ năng lượng?"
      ]
    },
    "5": {
      "theme": "Tự do & Trải nghiệm",
      "psychodynamics": {
        "need": "Thích nghi, khám phá",
        "fear": "Quá đà",
        "overdose": "Tự do & Trải nghiệm: khi 'quá liều' dễ quá đà",
        "deficit": "Khi 'thiếu liều' mất thích nghi, khám phá"
      },
      "strengths": [
        "Thích nghi, khám phá"
      ],
      "blindspots": [
        "Quá đà"
      ],
      "habits": [
        "Giờ giới nghiêm",
        "Chủ đề 90 ngày",
        "Detox kỹ thuật số"
      ],
      "expert_questions": [
        "Hôm nay tôi có đang làm quá vai trò/sứ mệnh của số này không?",
        "Một giới hạn nào cần được nói rõ để bảo vệ năng lượng?"
      ]
    },
    "6": {
      "theme": "Chăm sóc & Trách nhiệm",
      "psychodynamics": {
        "need": "Nâng đỡ, trung thành",
        "fear": "Ôm đồm",
        "overdose": "Chăm sóc & Trách nhiệm: khi 'quá liều' dễ ôm đồm",
        "deficit": "Khi 'thiếu liều' mất nâng đỡ, trung thành"
      },
      "strengths": [
        "Nâng đỡ, trung thành"
      ],
      "blindspots": [
        "Ôm đồm"
      ],
      "habits": [
        "Giờ tự chăm bắt buộc",
        "Uỷ quyền việc chăm sóc",
        "Ranh giới cảm xúc"
      ],
      "expert_questions": [
        "Hôm nay tôi có đang làm quá vai trò/sứ mệnh của số này không?",
        "Một giới hạn nào cần được nói rõ để bảo vệ năng lượng?"
      ]
    },
    "7": {
      "theme": "Nội quán & Tri thức",
      "psychodynamics": {
        "need": "Đào sâu, phân tích",
        "fear": "Cô lập, đa nghi",
        "overdose": "Nội quán & Tri thức: khi 'quá liều' dễ cô lập, đa nghi",
        "deficit": "Khi 'thiếu liều' mất đào sâu, phân tích"
      },
      "strengths": [
        "Đào sâu, phân tích"
      ],
      "blindspots": [
        "Cô lập, đa nghi"
      ],
      "habits": [
        "Deep work 90’ x3",
        "Peer review",
        "Timebox nghiên cứu"
      ],
      "expert_questions": [
        "Hôm nay tôi có đang làm quá vai trò/sứ mệnh của số này không?",
        "Một giới hạn nào cần được nói rõ để bảo vệ năng lượng?"
      ]
    },
    "8": {
      "theme": "Kết quả & Ảnh hưởng",
      "psychodynamics": {
        "need": "Tổ chức, tạo tác động",
        "fear": "Kiểm soát quá mức",
        "overdose": "Kết quả & Ảnh hưởng: khi 'quá liều' dễ kiểm soát quá mức",
        "deficit": "Khi 'thiếu liều' mất tổ chức, tạo tác động"
      },
      "strengths": [
        "Tổ chức, tạo tác động"
      ],
      "blindspots": [
        "Kiểm soát quá mức"
      ],
      "habits": [
        "KPI minh bạch",
        "Sổ tay uỷ quyền",
        "Post‑mortem không đổ lỗi"
      ],
      "expert_questions": [
        "Hôm nay tôi có đang làm quá vai trò/sứ mệnh của số này không?",
        "Một giới hạn nào cần được nói rõ để bảo vệ năng lượng?"
      ]
    },
    "9": {
      "theme": "Lý tưởng & Phụng sự",
      "psychodynamics": {
        "need": "Nhân văn, tổng hợp",
        "fear": "Hy sinh mù quáng",
        "overdose": "Lý tưởng & Phụng sự: khi 'quá liều' dễ hy sinh mù quáng",
        "deficit": "Khi 'thiếu liều' mất nhân văn, tổng hợp"
      },
      "strengths": [
        "Nhân văn, tổng hợp"
      ],
      "blindspots": [
        "Hy sinh mù quáng"
      ],
      "habits": [
        "Chỉ số tác động",
        "Ngày trắng không cam kết",
        "Checklist rút lui an toàn"
      ],
      "expert_questions": [
        "Hôm nay tôi có đang làm quá vai trò/sứ mệnh của số này không?",
        "Một giới hạn nào cần được nói rõ để bảo vệ năng lượng?"
      ]
    },
    "11": {
      "theme": "Trực giác & Tầm nhìn",
      "psychodynamics": {
        "need": "Nhạy cảm, khai mở",
        "fear": "Quá tải cảm xúc",
        "overdose": "Trực giác & Tầm nhìn: khi 'quá liều' dễ quá tải cảm xúc",
        "deficit": "Khi 'thiếu liều' mất nhạy cảm, khai mở"
      },
      "strengths": [
        "Nhạy cảm, khai mở"
      ],
      "blindspots": [
        "Quá tải cảm xúc"
      ],
      "habits": [
        "Thiền 10’",
        "Giả thuyết hoá trực giác",
        "Nhóm phản biện"
      ],
      "expert_questions": [
        "Hôm nay tôi có đang làm quá vai trò/sứ mệnh của số này không?",
        "Một giới hạn nào cần được nói rõ để bảo vệ năng lượng?"
      ]
    },
    "22": {
      "theme": "Kiến trúc sư tầm lớn",
      "psychodynamics": {
        "need": "Thiết kế hệ thống",
        "fear": "Quá tham, cứng",
        "overdose": "Kiến trúc sư tầm lớn: khi 'quá liều' dễ quá tham, cứng",
        "deficit": "Khi 'thiếu liều' mất thiết kế hệ thống"
      },
      "strengths": [
        "Thiết kế hệ thống"
      ],
      "blindspots": [
        "Quá tham, cứng"
      ],
      "habits": [
        "Principles 1 trang",
        "Pilot có phạm vi",
        "Gate mở rộng dữ liệu"
      ],
      "expert_questions": [
        "Hôm nay tôi có đang làm quá vai trò/sứ mệnh của số này không?",
        "Một giới hạn nào cần được nói rõ để bảo vệ năng lượng?"
      ]
    },
    "33": {
      "theme": "Chữa lành & Phục vụ",
      "psychodynamics": {
        "need": "Từ bi trưởng thành",
        "fear": "Cứu thế chủ nghĩa",
        "overdose": "Chữa lành & Phục vụ: khi 'quá liều' dễ cứu thế chủ nghĩa",
        "deficit": "Khi 'thiếu liều' mất từ bi trưởng thành"
      },
      "strengths": [
        "Từ bi trưởng thành"
      ],
      "blindspots": [
        "Cứu thế chủ nghĩa"
      ],
      "habits": [
        "Self‑care nghiệp vụ",
        "Đào tạo kế cận",
        "Giới hạn giúp đỡ"
      ],
      "expert_questions": [
        "Hôm nay tôi có đang làm quá vai trò/sứ mệnh của số này không?",
        "Một giới hạn nào cần được nói rõ để bảo vệ năng lượng?"
      ]
    }
  },
  "protocols": {
    "deep_work_90": [
      "Chuẩn bị không xao nhãng",
      "Đặt đồng hồ 90’",
      "Chỉ 1 mục tiêu",
      "Ghi log cản trở",
      "Nghỉ 15’ phục hồi"
    ],
    "weekly_review": [
      "Tổng kết tuần",
      "Điểm ưa/khó",
      "Chọn 1–3 ưu tiên tuần tới",
      "Dọn backlog",
      "Đặt lịch thói quen"
    ],
    "peer_review": [
      "Chọn partner",
      "Đưa mục tiêu & tiêu chí",
      "Phản hồi cụ thể",
      "Điều chỉnh",
      "Cảm ơn & hẹn lần sau"
    ],
    "pomodoro": [
      "25’ tập trung",
      "5’ nghỉ",
      "Lặp 4 lần",
      "Nghỉ dài 20’",
      "Ghi nhận tiến độ"
    ],
    "decision_log": [
      "Bối cảnh",
      "Lựa chọn",
      "Lý do",
      "Rủi ro",
      "Kết quả sau 2 tuần"
    ]
  },
  "bridges": {
    "1x7": "Biến nghiên cứu thành quyết định: Discover→Distill→Decide (tuần)",
    "3x4": "Giữ cảm hứng bằng lịch phát hành cố định",
    "4x5": "Sandbox có rào: thử nhanh, chuẩn hoá bài học",
    "5x7": "Chủ đề 90 ngày + bản đồ câu hỏi",
    "6x8": "Ấm áp trong giao tiếp, sắc lạnh trong số liệu",
    "7x3": "Khung kể chuyện: Vấn đề→Khung→Ví dụ→Thực hành",
    "8x3": "Số liệu trước, câu chuyện sau",
    "9x1": "Lý tưởng→thử nghiệm đo được (4 tuần)"
  },
  "roles": {
    "doctor": {
      "lp_ex_hint": "LP6 × EX4: ấm áp trong khung kỷ luật",
      "micro": [
        "SBAR khi bàn giao",
        "Checklist an toàn",
        "Hẹn follow‑up chuẩn hoá"
      ],
      "ethics": "Ưu tiên an toàn người bệnh, minh bạch thông tin, đồng thuận có hiểu biết"
    },
    "lawyer": {
      "lp_ex_hint": "LP1 × EX4: kết luận rõ + cấu trúc sắc",
      "micro": [
        "Brief 1 trang",
        "Ma trận rủi ro",
        "Peer review trước nộp"
      ],
      "ethics": "Xung đột lợi ích, bảo mật thân chủ, chuẩn mực nghề"
    },
    "product_manager": {
      "lp_ex_hint": "LP1 × EX7: quyết nhanh từ hiểu sâu",
      "micro": [
        "PRD 1–2 trang",
        "Discovery 5 cuộc gọi/tuần",
        "Demo thứ Sáu"
      ],
      "ethics": "Tránh dark patterns; tôn trọng dữ liệu người dùng"
    },
    "researcher": {
      "lp_ex_hint": "LP7 × EX3: làm rõ điều phức tạp",
      "micro": [
        "Giả thuyết→thử nhỏ",
        "Báo cáo ví dụ hoá",
        "Peer review"
      ],
      "ethics": "Đồng thuận tham gia, bảo vệ dữ liệu"
    }
  },
  "if_then": {
    "overwhelm": "Nếu quá tải cảm xúc → dừng 10’, thở 4‑6, viết 3 dòng về điều đang kiểm soát được.",
    "scatter": "Nếu phân tán → chọn 1 ưu tiên trong 25’, tắt thông báo, Pomodoro 1 vòng.",
    "perfection": "Nếu cầu toàn → đặt chuẩn MVE (Minimum Viable Excellence) và ship bản nháp."
  }
}