{
  "name": "Arabic Abjad",
  "char_map": {
    "ا": 1,
    "ب": 2,
    "ج": 3,
    "د": 4,
    "ه": 5,
    "و": 6,
    "ز": 7,
    "ح": 8,
    "ط": 9,
    "ي": 10,
    "ك": 20,
    "ل": 30,
    "م": 40,
    "ن": 50,
    "س": 60,
    "ع": 70,
    "ف": 80,
    "ص": 90,
    "ق": 100,
    "ر": 200,
    "ش": 300,
    "ت": 400,
    "ث": 500,
    "خ": 600,
    "ذ": 700,
    "ض": 800,
    "ظ": 900,
    "غ": 1000
  },
  "master_numbers": [
    11,
    22,
    33
  ],
  "reduce_master": false,
  "keep_master": true,
  "vowels": [],
  "include_y_as_vowel": false,
  "normalization": "none",
  "reduce_method": "classic"
}