{
  "name": "Greek Isopsephy",
  "char_map": {
    "Α": 1,
    "Β": 2,
    "Γ": 3,
    "Δ": 4,
    "Ε": 5,
    "Ϛ": 6,
    "Ζ": 7,
    "Η": 8,
    "Θ": 9,
    "Ι": 10,
    "Κ": 20,
    "Λ": 30,
    "Μ": 40,
    "Ν": 50,
    "Ξ": 60,
    "Ο": 70,
    "Π": 80,
    "Ϟ": 90,
    "Ρ": 100,
    "Σ": 200,
    "Τ": 300,
    "Υ": 400,
    "Φ": 500,
    "Χ": 600,
    "Ψ": 700,
    "Ω": 800,
    "Ϡ": 900
  },
  "master_numbers": [
    11,
    22,
    33
  ],
  "reduce_master": false,
  "keep_master": true,
  "vowels": [
    "Α",
    "Ε",
    "Η",
    "Ι",
    "Ο",
    "Υ",
    "Ω"
  ],
  "include_y_as_vowel": false,
  "normalization": "none",
  "reduce_method": "classic"
}