{
  "name": "Vietnamese Latin (diacritics-aware)",
  "char_map": {
    "A": 1,
    "B": 2,
    "C": 3,
    "D": 4,
    "E": 5,
    "F": 6,
    "G": 7,
    "H": 8,
    "I": 9,
    "J": 1,
    "K": 2,
    "L": 3,
    "M": 4,
    "N": 5,
    "O": 6,
    "P": 7,
    "Q": 8,
    "R": 9,
    "S": 1,
    "T": 2,
    "U": 3,
    "V": 4,
    "W": 5,
    "X": 6,
    "Y": 7,
    "Z": 8,
    "Ă": 1,
    "Â": 1,
    "Ê": 5,
    "Ô": 6,
    "Ơ": 6,
    "Ư": 3,
    "Đ": 4,
    "À": 1,
    "Á": 1,
    "Ả": 1,
    "Ã": 1,
    "Ạ": 1,
    "Ằ": 1,
    "Ắ": 1,
    "Ẳ": 1,
    "Ẵ": 1,
    "Ặ": 1,
    "Ầ": 1,
    "Ấ": 1,
    "Ẩ": 1,
    "Ẫ": 1,
    "Ậ": 1,
    "È": 5,
    "É": 5,
    "Ẻ": 5,
    "Ẽ": 5,
    "Ẹ": 5,
    "Ề": 5,
    "Ế": 5,
    "Ể": 5,
    "Ễ": 5,
    "Ệ": 5,
    "Ì": 9,
    "Í": 9,
    "Ỉ": 9,
    "Ĩ": 9,
    "Ị": 9,
    "Ò": 6,
    "Ó": 6,
    "Ỏ": 6,
    "Õ": 6,
    "Ọ": 6,
    "Ồ": 6,
    "Ố": 6,
    "Ổ": 6,
    "Ỗ": 6,
    "Ộ": 6,
    "Ờ": 6,
    "Ớ": 6,
    "Ở": 6,
    "Ỡ": 6,
    "Ợ": 6,
    "Ù": 3,
    "Ú": 3,
    "Ủ": 3,
    "Ũ": 3,
    "Ụ": 3,
    "Ừ": 3,
    "Ứ": 3,
    "Ử": 3,
    "Ữ": 3,
    "Ự": 3,
    "Ỳ": 7,
    "Ý": 7,
    "Ỷ": 7,
    "Ỹ": 7,
    "Ỵ": 7
  },
  "master_numbers": [
    11,
    22,
    33
  ],
  "reduce_master": false,
  "keep_master": true,
  "vowels": [
    "A",
    "E",
    "I",
    "O",
    "U",
    "Y",
    "Ă",
    "Â",
    "Ê",
    "Ô",
    "Ơ",
    "Ư"
  ],
  "include_y_as_vowel": true,
  "normalization": "none",
  "reduce_method": "classic"
}